,city,lat,lon,temp,hum,clo,win,country,date
0,rikitea,-23.1203,-134.9692,74.26,83,47,15.28,PF,1628793406
1,vaini,-21.2,-175.2,66.36,88,20,12.66,TO,1628793407
2,buritica,6.7187,-75.9073,77.95,60,100,1.36,CO,1628793409
3,fortuna,40.5982,-124.1573,63.52,82,1,5.75,US,1628793410
4,hithadhoo,-0.6,73.0833,80.96,75,100,9.84,MV,1628793412
5,saint george,37.1041,-113.5841,98.55,33,1,1.01,US,1628793413
6,sundsvall,62.3913,17.3063,66.16,72,20,3.44,SE,1628793414
7,khatanga,71.9667,102.5,42.78,94,100,5.79,RU,1628793416
8,kirakira,-10.4544,161.9205,76.08,94,100,9.69,SB,1628793417
9,chapais,49.7834,-74.8492,73.18,86,99,12.01,CA,1628793166
10,kidal,18.4411,1.4078,95.13,34,99,11.27,ML,1628793420
11,hilo,19.7297,-155.09,80.62,83,90,8.05,US,1628793421
12,mataura,-46.1927,168.8643,43.48,98,21,2.66,NZ,1628793422
13,pierre,44.3683,-100.351,86.05,55,1,1.99,US,1628793145
14,veracruz,19.3333,-96.6667,82.67,63,34,5.64,MX,1628793425
15,abonnema,4.7084,6.7931,76.48,82,67,7.92,NG,1628793427
16,jibuti,11.5,42.5,87.22,43,1,8.03,DJ,1628793428
17,riyadh,24.6877,46.7219,100.54,10,0,5.48,SA,1628793309
18,jamestown,42.097,-79.2353,85.59,76,1,11.01,US,1628793140
19,sao joao da barra,-21.6403,-41.0511,73.49,78,24,13.18,BR,1628793434
20,ribeira grande,38.5167,-28.7,75.6,83,20,17.27,PT,1628793436
21,inuvik,68.3499,-133.7218,59.86,65,75,1.14,CA,1628793437
22,san ramon,37.7799,-121.978,89.82,39,1,5.99,US,1628793438
23,tuktoyaktuk,69.4541,-133.0374,48.2,93,90,6.91,CA,1628793440
24,mhango,-3.2833,32.85,76.37,45,83,1.3,TZ,1628793441
25,ushuaia,-54.8,-68.3,51.42,71,40,33.38,AR,1628793442
26,klaksvik,62.2266,-6.589,54.52,90,100,12.15,FO,1628793444
27,georgetown,5.4112,100.3354,82.89,86,40,0.0,MY,1628793445
28,port hedland,-20.3167,118.5667,59.05,25,0,8.05,AU,1628793446
29,qaanaaq,77.484,-69.3632,41.38,76,48,1.48,GL,1628793448
30,varkaus,62.3153,27.873,64.31,70,100,3.71,FI,1628793449
31,half moon bay,37.4636,-122.4286,89.58,70,75,1.01,US,1628793451
32,biltine,14.5333,20.9167,85.57,56,57,7.92,TD,1628793452
33,barrow,71.2906,-156.7887,35.62,80,90,16.11,US,1628793454
34,cape town,-33.9258,18.4232,52.88,77,40,3.0,ZA,1628793177
35,vardo,70.3705,31.1107,52.0,87,75,6.91,NO,1628793456
36,eureka,40.8021,-124.1637,63.79,82,67,3.0,US,1628793382
37,hermanus,-34.4187,19.2345,50.9,79,90,10.8,ZA,1628793458
38,kyra,49.5776,111.9753,57.25,93,100,2.71,RU,1628793460
39,san quintin,30.4833,-115.95,81.55,52,0,10.49,MX,1628793461
40,grindavik,63.8424,-22.4338,60.57,82,20,18.41,IS,1628793462
41,nouadhibou,20.931,-17.0347,75.18,69,5,23.02,MR,1628793464
42,lebu,-37.6167,-73.65,53.62,64,0,5.55,CL,1628793465
43,severo-kurilsk,50.6789,156.125,50.88,87,87,7.36,RU,1628793467
44,sabang,5.8933,95.3214,81.88,75,95,21.18,ID,1628793468
45,urumqi,43.801,87.6005,79.75,36,0,2.24,CN,1628793469
46,port elizabeth,-33.918,25.5701,50.29,93,20,8.05,ZA,1628793471
47,souillac,-20.5167,57.5167,72.36,83,75,13.8,MU,1628793472
48,bethel,41.3712,-73.414,95.36,64,1,4.0,US,1628793398
49,hamilton,39.1834,-84.5333,95.76,62,20,1.01,US,1628793475
50,rodez,44.5,2.5833,85.68,61,0,3.44,FR,1628793476
51,mildura,-34.2,142.15,42.76,100,100,0.0,AU,1628793477
52,cotonou,6.3654,2.4183,80.58,83,75,11.5,BJ,1628793459
53,new norfolk,-42.7826,147.0587,52.92,67,34,8.01,AU,1628793480
54,puerto ayora,-0.7393,-90.3518,76.96,77,49,5.99,EC,1628793481
55,kodiak,57.79,-152.4072,56.71,72,1,6.91,US,1628793482
56,progreso,21.2833,-89.6667,87.91,60,8,15.05,MX,1628793484
57,punta arenas,-53.15,-70.9167,50.11,57,0,48.34,CL,1628793485
58,lompoc,34.6391,-120.4579,89.22,66,1,5.75,US,1628793486
59,hibbing,47.4272,-92.9377,69.4,40,40,17.27,US,1628793488
60,luderitz,-26.6481,15.1594,56.7,72,0,28.57,NA,1628793489
61,coquimbo,-29.9533,-71.3436,56.93,67,75,5.75,CL,1628793343
62,hasaki,35.7333,140.8333,72.0,91,100,9.55,JP,1628793491
63,bluff,-46.6,168.3333,43.81,83,7,12.82,NZ,1628793493
64,esperance,-33.8667,121.9,46.24,82,5,9.51,AU,1628793496
65,chokurdakh,70.6333,147.9167,55.24,90,83,9.04,RU,1628793497
66,busselton,-33.65,115.3333,46.09,81,57,5.73,AU,1628793498
67,constantine,36.365,6.6147,98.01,12,20,8.05,DZ,1628793500
68,carnarvon,-24.8667,113.6333,44.67,34,0,10.36,AU,1628793501
69,bredasdorp,-34.5322,20.0403,43.29,86,97,3.69,ZA,1628793504
70,kismayo,-0.3582,42.5454,75.87,83,23,17.45,SO,1628793505
71,ponta do sol,32.6667,-17.1,76.71,77,7,4.5,PT,1628793506
72,viedma,-40.8135,-62.9967,58.68,25,0,18.61,AR,1628793509
73,turukhansk,65.8167,87.9833,41.79,89,6,8.59,RU,1628793510
74,axim,4.8699,-2.2405,77.11,82,4,10.07,GH,1628793512
75,faya,18.3851,42.4509,68.11,46,100,6.42,SA,1628793513
76,chuy,-33.6971,-53.4616,51.75,69,9,7.16,UY,1628793514
77,kaitangata,-46.2817,169.8464,40.12,94,12,6.78,NZ,1628793515
78,albany,42.6001,-73.9662,93.81,64,44,8.95,US,1628793481
79,dargaville,-35.9333,173.8833,50.63,85,99,10.6,NZ,1628793519
80,te anau,-45.4167,167.7167,38.44,93,81,0.07,NZ,1628793520
81,cheney,47.4874,-117.5758,88.99,22,90,10.36,US,1628793267
82,vestmannaeyjar,63.4427,-20.2734,54.57,85,99,7.18,IS,1628793523
83,piojo,10.7485,-75.1078,86.56,70,89,10.25,CO,1628793525
84,thompson,55.7435,-97.8558,50.16,71,75,19.57,CA,1628793526
85,berezovyy,51.6667,135.7,54.5,90,12,2.75,RU,1628793527
86,pisco,-13.7,-76.2167,64.45,72,20,14.97,PE,1628793529
87,evensk,61.95,159.2333,47.98,94,100,2.75,RU,1628793530
88,las vegas,36.175,-115.1372,98.82,40,1,8.05,US,1628793241
89,olinda,-8.0089,-34.8553,80.33,74,40,11.5,BR,1628793506
90,esmeraldas,-19.7625,-44.3139,78.91,23,6,4.47,BR,1628793534
91,kapaa,22.0752,-159.319,81.12,71,20,1.99,US,1628793535
92,gornopravdinsk,60.05,69.9,52.63,77,65,1.34,RU,1628793536
93,itarema,-2.9248,-39.9167,83.08,71,10,20.18,BR,1628793538
94,tarko-sale,64.9225,77.785,55.22,64,72,8.77,RU,1628793539
95,nikolskoye,59.7035,30.7861,64.29,96,100,9.62,RU,1628793541
96,nome,64.5011,-165.4064,42.87,61,1,4.61,US,1628793543
97,tsabong,-26.0217,22.401,50.16,33,3,12.44,BW,1628793544
98,markova,48.6758,24.4138,62.19,77,78,3.49,UA,1628793546
99,port alfred,-33.5906,26.891,54.99,72,100,10.42,ZA,1628793547
100,cidreira,-30.1811,-50.2056,57.07,67,100,9.91,BR,1628793549
101,victoria,22.2855,114.1577,84.33,85,100,6.44,HK,1628793435
102,murray bridge,-35.1167,139.2667,54.12,94,100,6.8,AU,1628793551
103,ouesso,1.6136,16.0517,75.69,75,100,3.13,CG,1628793553
104,kaohsiung,22.6163,120.3133,79.03,97,75,3.0,TW,1628793554
105,zeya,53.75,127.2667,56.34,88,53,2.46,RU,1628793555
106,constitucion,-35.3333,-72.4167,54.86,69,4,6.96,CL,1628793557
107,parana,-31.732,-60.5238,60.57,46,99,5.12,AR,1628793558
108,jiangkou,25.4872,119.1986,82.29,95,100,8.59,CN,1628793559
109,yellowknife,62.456,-114.3525,57.72,77,75,8.05,CA,1628793561
110,rocha,-34.4833,-54.3333,53.44,66,14,5.84,UY,1628793562
111,saskylakh,71.9167,114.0833,45.16,83,100,12.3,RU,1628793563
112,doka,13.5167,35.7667,72.45,94,100,11.9,SD,1628793565
113,airai,-8.9266,125.4092,56.77,68,34,3.4,TL,1628793566
114,cayenne,4.9333,-52.3333,84.09,79,75,3.0,GF,1628793568
115,trat,12.5,102.5,77.04,94,86,4.0,TH,1628793570
116,stepnogorsk,52.3544,71.8869,55.58,88,100,12.03,KZ,1628793571
117,port hardy,50.6996,-127.4199,62.78,77,20,4.61,CA,1628793573
118,dunedin,-45.8742,170.5036,47.8,72,12,8.01,NZ,1628793521
119,mahebourg,-20.4081,57.7,72.25,83,75,13.8,MU,1628793575
120,katsuura,35.1333,140.3,75.31,92,100,8.55,JP,1628793578
121,norman wells,65.282,-126.8329,62.64,63,75,10.36,CA,1628793579
122,batagay,67.6333,134.6333,56.97,74,99,2.82,RU,1628793580
123,takhtamygda,54.1,123.5667,52.25,92,19,1.99,RU,1628793582
124,kumbo,6.2,10.6667,59.43,98,100,2.42,CM,1628793583
125,arlit,18.7369,7.3853,86.16,38,100,7.38,NE,1628793584
126,batemans bay,-35.7167,150.1833,45.91,78,0,4.59,AU,1628793586
127,labuhan,-6.8844,112.2051,76.21,86,94,8.37,ID,1628793587
128,tasiilaq,65.6145,-37.6368,53.76,70,90,3.04,GL,1628793588
129,hobart,-42.8794,147.3294,53.26,69,40,1.99,AU,1628793394
130,moron,-34.6534,-58.6198,58.01,59,48,1.99,AR,1628793591
131,mareeba,-17.0,145.4333,65.12,89,79,2.44,AU,1628793592
132,leh,34.1667,77.5833,66.04,28,25,5.28,IN,1628793593
133,atuona,-9.8,-139.0333,77.5,70,27,18.37,PF,1628793595
134,amurzet,47.6967,131.0981,56.91,93,32,2.77,RU,1628793596
135,oromocto,45.8351,-66.4792,80.26,84,90,3.44,CA,1628793559
136,leshukonskoye,64.8989,45.7622,61.92,100,100,3.22,RU,1628793599
137,provideniya,64.3833,-173.3,40.95,71,48,1.66,RU,1628793600
138,cabo san lucas,22.8909,-109.9124,88.61,69,90,4.61,MX,1628793603
139,sorland,67.667,12.6934,55.47,90,42,5.97,NO,1628793605
140,atambua,-9.1061,124.8925,70.07,85,89,5.73,ID,1628793606
141,paramonga,-10.6667,-77.8333,67.8,67,33,10.92,PE,1628793608
142,sao filipe,14.8961,-24.4956,77.29,74,32,16.53,CV,1628793609
143,helmsdale,58.1168,-3.6517,64.27,74,100,10.4,GB,1628793611
144,arraial do cabo,-22.9661,-42.0278,71.46,78,75,9.22,BR,1628793613
145,boffa,10.1667,-14.0333,78.71,88,100,6.11,GN,1628793615
146,nemuro,43.3236,145.575,55.74,75,11,3.67,JP,1628793616
147,hualmay,-11.0964,-77.6139,67.71,66,6,10.8,PE,1628793619
148,camacha,33.0833,-16.3333,72.36,73,40,9.22,PT,1628793620
149,kitgum,3.2783,32.8867,69.26,81,74,0.92,UG,1628793622
150,ambon,-3.6954,128.1814,77.14,94,75,2.3,ID,1628793623
151,yulara,-25.2406,130.9889,44.44,53,0,5.75,AU,1628793624
152,guane,22.2025,-84.0875,92.41,47,18,10.4,CU,1628793626
153,bandarbeyla,9.4942,50.8122,75.47,86,47,28.57,SO,1628793628
154,villa carlos paz,-31.4241,-64.4978,56.48,39,34,8.99,AR,1628793629
155,beringovskiy,63.05,179.3167,44.55,84,86,4.23,RU,1628793631
156,east london,-33.0153,27.9116,50.94,87,75,11.5,ZA,1628793634
157,tartagal,-22.5164,-63.8013,69.94,24,11,6.04,AR,1628793635
158,nara,34.6851,135.8049,76.28,96,100,1.7,JP,1628793637
159,ketchikan,55.3422,-131.6461,66.67,68,20,13.8,US,1628793540
160,los llanos de aridane,28.6585,-17.9182,73.15,82,40,13.8,ES,1628793639
161,marawi,7.9986,124.2928,68.65,93,100,2.64,PH,1628793640
162,tarija,-21.5355,-64.7296,58.91,51,40,3.44,BO,1628793642
163,saldanha,-33.0117,17.9442,54.39,64,1,25.7,ZA,1628793643
164,ocampo,21.65,-101.5,72.05,39,6,3.36,MX,1628793645
165,avarua,-21.2078,-159.775,71.65,88,75,10.36,CK,1628793646
166,tateyama,34.9833,139.8667,75.22,89,100,9.78,JP,1628793647
167,cherskiy,68.75,161.3,56.91,61,100,2.28,RU,1628793649
168,penzance,50.1186,-5.5371,63.77,88,2,15.97,GB,1628793650
169,sao felix do xingu,-6.6447,-51.995,101.44,18,99,1.99,BR,1628793652
170,mackay,-21.15,149.2,66.04,94,90,5.75,AU,1628793655
171,husavik,66.0449,-17.3389,55.31,86,81,4.14,IS,1628793656
172,kesova gora,57.5836,37.2922,62.31,96,100,6.91,RU,1628793660
173,san cristobal,7.7669,-72.225,82.58,50,58,7.23,VE,1628793661
174,garden city,42.3256,-83.331,88.92,68,75,1.01,US,1628793663
175,mount isa,-20.7333,139.5,64.17,34,1,9.22,AU,1628793664
176,santa maria,-29.6842,-53.8069,52.9,62,0,11.5,BR,1628793665
177,laguna,38.421,-121.4238,103.64,46,1,4.61,US,1628793666
178,pindushi,62.9152,34.58,61.03,93,100,3.62,RU,1628793668
179,byron bay,-28.65,153.6167,59.11,88,0,9.82,AU,1628793669
180,muros,42.7762,-9.0603,77.85,64,8,10.67,ES,1628793671
181,saryagash,41.4511,69.1701,82.36,31,3,14.05,KZ,1628793672
182,kavieng,-2.5744,150.7967,78.49,82,100,4.61,PG,1628793673
183,gravelbourg,49.8834,-106.5512,66.47,30,9,17.72,CA,1628793675
184,lawrenceburg,38.0373,-84.8966,95.0,60,1,1.99,US,1628793677
185,deputatskiy,69.3,139.9,52.99,91,98,2.98,RU,1628793678
186,saint anthony,45.0205,-93.218,83.14,35,1,5.01,US,1628793680
187,tiksi,71.6872,128.8694,47.32,74,36,12.28,RU,1628793682
188,saint-avold,49.1027,6.7006,82.63,71,100,2.46,FR,1628793684
189,carora,10.1755,-70.0827,95.97,31,97,12.77,VE,1628793686
190,mahajanga,-15.7167,46.3167,71.62,83,20,3.44,MG,1628793687
191,marrakesh,31.6315,-8.0083,98.67,32,40,6.91,MA,1628793628
192,aklavik,68.2191,-135.0107,59.83,93,90,6.91,CA,1628793690
193,saint-philippe,-21.3585,55.7679,69.39,86,41,13.13,RE,1628793691
194,quelimane,-17.8786,36.8883,71.55,73,0,8.05,MZ,1628793693
195,winnemucca,40.973,-117.7357,93.25,17,1,10.36,US,1628793697
196,new plymouth,-39.0667,174.0833,55.06,89,100,21.41,NZ,1628793699
197,acatlan,20.15,-98.45,71.11,51,36,10.38,MX,1628793700
198,kazachinskoye,57.6953,93.2761,58.14,98,2,3.74,RU,1628793701
199,bambous virieux,-20.3428,57.7575,72.21,83,75,13.8,MU,1628793703
200,martapura,-3.4167,114.85,75.29,100,90,4.61,ID,1628793704
201,teya,60.3778,92.6267,59.16,98,100,1.63,RU,1628793705
202,hofn,64.2539,-15.2082,54.46,80,100,12.39,IS,1628793707
203,kodinsk,58.6881,99.1844,58.66,83,100,2.21,RU,1628793708
204,baykit,61.67,96.37,60.53,80,100,3.11,RU,1628793709
205,sisimiut,66.9395,-53.6735,52.03,59,23,5.35,GL,1628793711
206,brae,60.3964,-1.353,58.91,79,100,13.76,GB,1628793712
207,muti,7.2758,122.28,78.3,84,60,2.21,PH,1628793713
208,rundu,-17.9333,19.7667,66.33,17,0,2.62,NA,1628793715
209,insar,53.8653,44.3738,75.9,42,30,8.95,RU,1628793716
210,castro,-24.7911,-50.0119,52.83,92,100,7.43,BR,1628793640
211,broome,42.2506,-75.833,92.01,69,75,9.22,US,1628793719
212,florianopolis,-27.6146,-48.5012,55.26,51,75,8.05,BR,1628793720
213,champawat,29.3333,80.1,64.45,91,100,1.28,IN,1628793721
214,samarai,-10.6167,150.6667,77.7,86,100,17.07,PG,1628793723
215,kavaratti,10.5669,72.642,81.93,78,100,16.26,IN,1628793724
216,kendal,54.3268,-2.7476,65.32,66,52,14.34,GB,1628793726
217,saint-augustin,51.226,-58.6502,64.92,88,100,7.49,CA,1628793728
218,ribeira brava,32.65,-17.0667,76.71,78,7,4.92,PT,1628793730
219,zaraza,9.3503,-65.3245,80.37,83,100,1.92,VE,1628793731
220,knysna,-34.0363,23.0471,48.58,81,100,7.72,ZA,1628793732
221,andenes,69.3143,16.1194,55.38,94,75,2.3,NO,1628793734
222,bengkulu,-3.8004,102.2655,74.53,90,100,4.34,ID,1628793735
223,nanyamba,-10.6833,39.8333,68.32,91,0,1.99,TZ,1628793738
224,guerrero negro,27.9769,-114.0611,89.11,48,9,4.7,MX,1628793739
225,gazimurskiy zavod,51.5461,118.3266,49.55,93,60,0.92,RU,1628793740
226,pevek,69.7008,170.3133,42.96,64,100,10.83,RU,1628793742
227,turan,16.0678,108.2208,86.05,89,75,5.75,VN,1628793714
228,ust-nera,64.5667,143.2,60.22,95,81,3.33,RU,1628793744
229,bubaque,11.2833,-15.8333,80.13,79,99,11.77,GW,1628793746
230,halifax,44.6453,-63.5724,84.09,84,90,4.0,CA,1628793747
231,shuyskoye,59.3736,41.0305,63.23,99,100,5.53,RU,1628793748
232,shache,38.4167,77.2406,77.7,30,2,13.09,CN,1628793750
233,koygorodok,60.445,50.9968,57.69,76,36,5.66,RU,1628793751
234,adrar,20.5022,-10.0711,102.97,11,96,10.16,MR,1628793753
235,valparaiso,-33.0393,-71.6273,53.24,80,90,5.75,CL,1628793754
236,la virtud,14.05,-88.7,86.92,63,22,3.69,HN,1628793755
237,moville,42.4889,-96.0725,89.24,22,6,14.52,US,1628793757
238,presidencia roque saenz pena,-26.7852,-60.4388,66.88,18,70,7.25,AR,1628793758
239,santa cruz,-17.8,-63.1667,69.85,32,75,14.97,BO,1628793760
240,sorong,-0.8833,131.25,78.31,84,56,2.82,ID,1628793761
241,upernavik,72.7868,-56.1549,42.35,91,100,1.9,GL,1628793762
242,diamantino,-14.4086,-56.4461,88.88,27,51,7.2,BR,1628793765
243,kiama,-34.6833,150.8667,49.24,72,0,7.38,AU,1628793766
244,gravdal,68.1214,13.5031,55.29,88,75,5.75,NO,1628793768
245,algiers,36.7525,3.042,80.42,83,40,6.91,DZ,1628793769
246,nabire,-3.3667,135.4833,75.29,92,100,3.06,ID,1628793770
247,pulandian,39.3953,121.9669,71.73,86,100,4.68,CN,1628793772
248,lira,2.235,32.9097,68.85,81,83,4.7,UG,1628793569
249,popondetta,-8.7537,148.2534,71.1,96,100,2.98,PG,1628793774
250,chesma,53.8111,60.6533,53.2,53,1,5.23,RU,1628793775
251,taoudenni,22.6783,-3.9836,112.03,7,95,11.83,ML,1628793777
252,kalmunai,7.4167,81.8167,81.73,78,100,0.56,LK,1628793778
253,mount barker,-35.0667,138.8667,50.67,93,100,6.15,AU,1628793780
254,rehoboth,-23.3167,17.0833,55.36,24,6,6.87,NA,1628793781
255,waipawa,-41.4122,175.5153,52.43,86,100,18.43,NZ,1628793783
256,mar del plata,-38.0023,-57.5575,51.82,54,0,5.75,AR,1628793552
257,gamba,-2.65,10.0,74.34,86,5,6.44,GA,1628793785
258,medina,24.4686,39.6142,102.63,10,0,16.11,SA,1628793786
259,ahipara,-35.1667,173.1667,54.09,81,86,12.15,NZ,1628793788
260,saint-louis,16.3333,-15.0,103.64,23,11,7.99,SN,1628793789
261,kargil,34.5667,76.1,60.13,47,19,7.07,IN,1628793791
262,cape coast,5.1053,-1.2466,76.32,86,6,11.01,GH,1628793792
263,el vigia,8.6219,-71.6506,92.97,49,35,4.94,VE,1628793793
264,clyde river,70.4692,-68.5914,39.43,93,90,8.05,CA,1628793667
265,dicabisagan,17.0818,122.4157,80.06,87,100,4.97,PH,1628793796
266,college,64.8569,-147.8028,55.9,85,90,5.75,US,1628793671
267,marsh harbour,26.5412,-77.0636,84.0,75,10,17.11,BS,1628793574
268,huarmey,-10.0681,-78.1522,69.58,64,8,10.94,PE,1628793799
269,mporokoso,-9.3727,30.125,64.47,33,0,2.95,ZM,1628793801
270,bilma,18.6853,12.9164,97.86,23,3,13.58,NE,1628793802
271,dikson,73.5069,80.5464,45.32,96,77,13.29,RU,1628793803
272,saint-joseph,-21.3667,55.6167,68.38,82,19,7.72,RE,1628793805
273,cabedelo,-6.9811,-34.8339,83.07,75,26,13.85,BR,1628793806
274,ilulissat,69.2167,-51.1,53.62,50,75,9.22,GL,1628793807
275,saint joseph,39.7686,-94.8466,93.4,62,20,9.22,US,1628793632
276,kolondieba,11.0882,-6.8926,77.4,87,69,3.44,ML,1628793810
277,yumen,40.2833,97.2,72.79,28,0,5.95,CN,1628793811
278,palora,-1.7,-77.9333,78.91,81,99,2.35,EC,1628793813
279,moulins,46.5,3.3333,82.42,62,70,2.8,FR,1628793814
280,dingle,10.9995,122.6711,76.01,85,54,4.61,PH,1628793815
281,buchanan,5.8808,-10.0467,76.96,87,100,12.06,LR,1628793817
282,haicheng,40.8516,122.7475,62.91,96,5,4.07,CN,1628793613
283,roald,62.5833,6.1333,65.34,82,75,5.75,NO,1628793820
284,sarangani,5.4033,125.4636,82.38,77,87,9.08,PH,1628793822
285,vila velha,-20.3297,-40.2925,75.15,73,0,14.97,BR,1628793823
286,umm lajj,25.0213,37.2685,89.58,52,0,7.31,SA,1628793825
287,wajima,37.4,136.9,73.45,90,100,3.06,JP,1628793826
288,black diamond,47.3087,-122.0032,86.38,57,28,1.01,US,1628793827
289,lorengau,-2.0226,147.2712,80.62,79,89,6.2,PG,1628793829
290,kysyl-syr,63.8986,122.7617,57.83,74,57,3.74,RU,1628793830
291,tual,-5.6667,132.75,80.31,81,100,20.69,ID,1628793831
292,kristiansund,63.1115,7.732,63.25,82,75,0.0,NO,1628793833
293,butaritari,3.0707,172.7902,81.36,76,28,8.12,KI,1628793834
294,sidney,-33.8679,151.2073,51.28,78,0,6.91,AU,1628793723
295,yibin,28.7667,104.6238,73.0,96,100,5.48,CN,1628793837
296,nambour,-26.6333,152.95,59.86,96,16,2.95,AU,1628793610
297,nalut,30.3333,10.85,99.37,8,90,9.98,LY,1628793839
298,hudson bay,52.85,-102.3842,63.16,31,18,15.1,CA,1628793840
299,severodvinsk,64.5635,39.8302,64.51,92,100,3.04,RU,1628793842
300,kuito,-12.3833,16.9333,60.04,18,0,4.27,AO,1628793843
301,hasanabad,36.5465,61.0543,84.42,26,0,2.3,IR,1628793844
302,mahibadhoo,3.7833,72.9667,83.16,70,100,17.16,MV,1628793846
303,athabasca,54.7169,-113.2854,71.29,29,92,7.7,CA,1628793848
304,oistins,13.0667,-59.5333,87.89,66,75,20.71,BB,1628793851
305,yangambi,0.8102,24.4336,72.7,84,38,1.77,CD,1628793852
306,eau claire,44.8114,-91.4985,81.01,50,1,3.0,US,1628793855
307,pacific grove,36.6177,-121.9166,91.15,82,40,5.99,US,1628793741
308,nantucket,41.2835,-70.0995,88.97,78,1,14.97,US,1628793859
309,den helder,52.9599,4.7593,69.98,84,90,9.22,NL,1628793860
310,praia da vitoria,38.7333,-27.0667,79.05,73,40,22.64,PT,1628793861
311,coahuayana,18.7333,-103.6833,90.59,54,26,6.31,MX,1628793863
312,mtwara,-10.2667,40.1833,70.93,88,20,9.22,TZ,1628793864
313,piacabucu,-10.4056,-36.4344,77.34,71,23,7.43,BR,1628793865
314,vangaindrano,-23.35,47.6,65.53,92,0,7.09,MG,1628793867
315,bara,10.3744,10.7288,71.58,95,100,4.05,NG,1628793868
316,loiza,18.4313,-65.8802,91.2,61,20,14.97,PR,1628793869
317,atar,20.5169,-13.0499,106.9,11,78,14.79,MR,1628793871
318,qeshm,26.9581,56.2719,93.09,80,8,5.23,IR,1628793872
319,waihi,-37.3833,175.8333,51.62,86,62,7.63,NZ,1628793874
320,soria,41.6667,-2.6667,79.99,25,0,4.09,ES,1628793875
321,soure,-0.7167,-48.5233,81.43,81,100,9.78,BR,1628793876
322,matagami,49.7502,-77.6328,80.71,39,40,18.41,CA,1628793878
323,rio gallegos,-51.6226,-69.2181,57.25,33,75,21.85,AR,1628793879
324,sembe,1.6481,14.5806,75.94,74,87,4.05,CG,1628793880
325,hearst,49.6835,-83.6665,75.45,38,95,12.55,CA,1628793610
326,igunga,-4.2833,33.8833,80.35,34,100,4.65,TZ,1628793884
327,gabriel leyva solano,25.6667,-108.6417,73.22,56,72,3.44,MX,1628793885
328,ukiah,39.1502,-123.2078,98.13,31,1,0.0,US,1628793604
329,grootfontein,-19.5667,18.1167,67.57,26,0,3.44,NA,1628793888
330,manta,-0.95,-80.7333,78.58,78,75,8.05,EC,1628793889
331,ellsworth,44.5434,-68.4195,92.55,80,1,3.0,US,1628793891
332,robertsport,6.7533,-11.3686,77.36,87,100,14.56,LR,1628793892
333,lagoa,39.05,-27.9833,73.85,78,0,14.23,PT,1628793893
334,sale,34.0389,-6.8166,77.02,83,20,5.75,MA,1628793896
335,santa maria do para,-1.3503,-47.5756,80.65,90,100,6.15,BR,1628793702
336,olafsvik,64.8945,-23.7142,55.54,83,19,10.11,IS,1628793899
337,zabol,32.25,67.25,75.22,9,0,12.01,AF,1628793901
338,baghdad,33.3406,44.4009,103.91,17,0,10.36,IQ,1628793630
339,alta floresta,-9.8756,-56.0861,96.62,24,0,8.05,BR,1628793904
340,kununurra,-15.7667,128.7333,78.78,38,2,9.22,AU,1628793907
341,tottenham,-32.2333,147.35,41.99,88,0,8.12,AU,1628793908
342,tanout,14.9709,8.8879,82.74,60,100,16.64,NE,1628793910
343,mehamn,71.0357,27.8492,51.98,89,100,8.63,NO,1628793912
344,springbok,-29.6643,17.8865,40.84,77,4,6.31,ZA,1628793913
345,baker city,44.7749,-117.8344,89.6,32,1,8.05,US,1628793914
346,neuquen,-38.9516,-68.0591,60.69,33,0,8.05,AR,1628793620
347,kaka,37.3482,59.6143,87.82,15,0,6.82,TM,1628793918
348,maceio,-9.6658,-35.7353,81.84,61,40,10.36,BR,1628793919
349,wattens,47.2722,11.5993,75.11,57,20,2.3,AT,1628793921
350,great bend,38.3645,-98.7648,99.03,37,1,5.99,US,1628793746
351,opuwo,-18.0607,13.84,66.2,30,0,4.7,NA,1628793923
352,palmer,42.1584,-72.3287,95.32,54,75,5.01,US,1628793924
353,tapejara,-28.0681,-52.0139,58.62,69,100,8.25,BR,1628793757
354,hidalgotitlan,17.7833,-94.6333,86.02,66,100,6.76,MX,1628793927
355,pak phanang,8.3511,100.202,79.81,79,93,8.03,TH,1628793928
356,gewane,10.1664,40.6453,91.17,37,13,5.01,ET,1628793930
357,port augusta,-32.5,137.7667,42.94,80,7,3.2,AU,1628793931
358,saurimo,-9.6608,20.3916,71.02,17,0,3.58,AO,1628793933
359,murgab,37.4966,61.9714,87.67,27,0,4.61,TM,1628793935
360,laramie,41.3114,-105.5911,80.35,28,1,1.01,US,1628793936
361,fort wellington,6.4,-57.6,83.35,74,68,3.8,GY,1628793938
362,kumluca,36.3703,30.2869,84.63,46,15,6.46,TR,1628793939
363,erenhot,43.6475,111.9767,72.32,37,100,7.11,CN,1628793940
364,haines junction,60.7522,-137.5108,66.15,55,100,9.22,CA,1628793943
365,codrington,-38.2667,141.9667,46.83,96,17,12.41,AU,1628793945
366,sulangan,11.1373,123.7228,83.64,72,79,6.67,PH,1628793947
367,farafangana,-22.8167,47.8333,67.98,86,0,11.54,MG,1628793949
368,saint-pierre,-21.3393,55.4781,69.48,73,0,5.75,RE,1628793950
369,oyama,36.3,139.8,75.04,95,100,5.14,JP,1628793951
370,arfara,37.15,22.0333,85.6,42,0,3.44,GR,1628793952
371,sangar,63.9242,127.4739,55.62,77,10,4.65,RU,1628793955
372,botro,7.8525,-5.3106,80.08,92,100,6.2,CI,1628793956
373,taguatinga,-12.3857,-46.5711,96.67,14,87,5.3,BR,1628793959
374,flinders,-34.5833,150.8552,50.2,78,0,1.99,AU,1628793960
375,sherghati,24.5667,84.7833,82.02,85,100,5.21,IN,1628793961
376,tezu,27.9167,96.1667,76.82,99,100,1.74,IN,1628793963
377,moctezuma,29.8,-109.6667,87.98,51,41,6.22,MX,1628793964
378,malanje,-9.5402,16.341,74.77,14,0,2.86,AO,1628793965
379,havelock,34.8791,-76.9013,94.05,77,90,8.05,US,1628793704
380,malakal,9.5334,31.6605,74.62,87,98,0.67,SS,1628793968
381,poitiers,46.5833,0.3333,82.81,54,0,5.75,FR,1628793898
382,jalu,29.0331,21.5482,95.56,25,0,17.27,LY,1628793972
383,ternate,0.8,127.4,79.23,82,27,3.06,ID,1628793973
384,jiexiu,37.0244,111.9125,67.73,87,100,5.84,CN,1628793974
385,watertown,42.3709,-71.1828,96.42,53,1,5.01,US,1628793964
386,harper,4.375,-7.7169,76.93,81,100,13.13,LR,1628793977
387,kingman,35.1894,-114.053,88.52,54,1,8.05,US,1628793979
388,the valley,18.217,-63.0578,87.66,62,20,17.27,AI,1628793981
389,nyagan,62.1406,65.3936,56.73,73,100,5.53,RU,1628793982
390,kahului,20.8947,-156.47,81.97,69,20,14.97,US,1628793801
391,pochutla,15.7432,-96.4661,85.82,60,99,5.97,MX,1628793986
392,comala,19.3167,-103.75,85.23,57,7,3.62,MX,1628793988
393,karratha,-20.7377,116.8463,63.79,21,0,11.41,AU,1628793990
394,napa,38.4832,-122.3344,87.08,25,83,5.37,US,1628793991
395,glen carbon,38.7484,-89.9832,97.9,60,1,1.99,US,1628793992
396,hambantota,6.1241,81.1185,82.74,74,40,10.36,LK,1628793995
397,berlevag,70.8578,29.0864,51.75,87,0,2.3,NO,1628793996
398,taos,36.4072,-105.5731,85.73,31,1,3.0,US,1628793998
399,mount gambier,-37.8333,140.7667,48.11,93,75,10.36,AU,1628793999
400,rio brilhante,-21.8019,-54.5464,77.18,40,60,5.39,BR,1628793818
401,ballina,-28.8667,153.5667,59.18,94,40,5.75,AU,1628794002
402,saquena,-4.6667,-73.5167,85.98,59,100,2.15,PE,1628794003
403,iraquara,-12.2486,-41.6194,83.91,32,26,9.71,BR,1628794004
404,kruisfontein,-34.0033,24.7314,46.89,91,100,2.13,ZA,1628794006
405,kenai,60.5544,-151.2583,57.02,96,90,18.41,US,1628793876
406,kokoda,-8.8785,147.7407,71.28,94,97,1.54,PG,1628794008
407,palmerston,-12.486,130.9833,73.38,86,13,2.3,AU,1628793910
408,petropavlovsk-kamchatskiy,53.0452,158.6483,41.59,100,90,6.71,RU,1628794012
409,copiapo,-27.3667,-70.3333,56.89,36,0,7.07,CL,1628793931
410,gimli,50.6336,-96.9907,64.44,62,100,12.66,CA,1628794014
411,ponta delgada,37.7333,-25.6667,75.92,78,20,11.5,PT,1628794016
412,katherine,-14.4667,132.2667,70.12,49,7,8.05,AU,1628794017
413,lasa,46.6166,10.7002,78.71,80,42,2.1,IT,1628794018
414,gizo,-8.103,156.8419,80.11,79,100,11.72,SB,1628794020
415,lunglei,22.8833,92.7333,68.63,99,100,2.13,IN,1628794021
416,acapulco,16.8634,-99.8901,87.62,66,20,8.05,MX,1628793879
417,point pedro,9.8167,80.2333,81.14,77,100,8.86,LK,1628794024
418,mezen,65.8522,44.24,61.14,85,100,3.53,RU,1628794025
419,chokwe,-24.5333,32.9833,74.91,34,0,7.14,MZ,1628794026
420,roebourne,-20.7833,117.1333,63.64,23,0,13.67,AU,1628794027
421,sumbe,-11.2061,13.8437,71.08,90,69,7.23,AO,1628794029
422,chapeco,-27.0964,-52.6183,60.55,59,0,11.5,BR,1628794030
423,bathsheba,13.2167,-59.5167,88.41,66,75,20.71,BB,1628794032
424,padang,-0.9492,100.3543,76.48,89,99,4.56,ID,1628794033
425,tougue,11.4667,-11.6,70.93,92,99,5.88,GN,1628794034
426,zhigansk,66.7697,123.3711,56.66,65,100,5.77,RU,1628794036
427,dwarka,22.2394,68.9678,81.77,78,100,15.03,IN,1628794037
428,port-gentil,-0.7193,8.7815,76.96,83,40,10.36,GA,1628794038
429,ciudad bolivar,8.1222,-63.5497,88.95,56,99,2.93,VE,1628793976
430,nsanje,-16.92,35.262,71.4,55,0,1.36,MW,1628794041
431,nazca,-14.8333,-74.95,79.77,30,6,7.85,PE,1628794042
432,inongo,-1.95,18.2667,75.22,65,96,3.42,CD,1628794044
433,mollendo,-17.0231,-72.0147,63.28,76,86,10.47,PE,1628794045
434,moroni,-11.7022,43.2551,75.27,76,4,4.36,KM,1628794047
435,ola,59.5833,151.2833,54.63,88,100,3.74,RU,1628794049
436,grand-santi,4.25,-54.3833,83.98,71,100,1.79,GF,1628794050
437,longyearbyen,78.2186,15.6401,46.24,81,75,14.97,SJ,1628794052
438,geraldton,-28.7667,114.6,45.01,87,5,8.05,AU,1628794053
439,tilichiki,60.4667,166.1,55.63,74,61,0.22,RU,1628794054
440,kurumkan,54.3,110.3,60.64,89,16,2.77,RU,1628794056
441,lodhran,29.5405,71.6336,95.02,33,100,8.75,PK,1628794018
442,fairhope,30.523,-87.9033,86.27,78,75,3.44,US,1628794058
443,avera,33.194,-82.5271,95.92,37,8,4.09,US,1628794061
444,coos bay,43.3665,-124.2179,82.31,72,1,9.22,US,1628794062
445,naze,28.3667,129.4833,78.31,86,99,18.61,JP,1628794064
446,sovetskiy,61.3614,63.5842,56.66,66,100,5.21,RU,1628794065
447,japura,-0.3167,102.35,73.71,82,98,2.53,ID,1628794067
448,pristina,42.6727,21.1669,78.17,41,0,6.91,XK,1628794057
449,misratah,32.3754,15.0925,84.63,72,0,9.53,LY,1628794069
450,songjianghe,42.1859,127.479,58.14,99,100,2.15,CN,1628794070
451,berezovka,53.7214,25.4993,58.01,88,4,6.58,BY,1628794072
452,meulaboh,4.1363,96.1285,75.92,89,93,5.57,ID,1628794073
453,bonthe,7.5264,-12.505,78.15,84,100,11.61,SL,1628794074
454,gayny,60.3071,54.3241,55.94,80,93,5.66,RU,1628794077
455,vao,-22.6667,167.4833,67.12,69,49,19.13,NC,1628794078
456,mayumba,-3.432,10.6554,74.71,85,90,7.29,GA,1628794080
457,goyty,43.1642,45.6228,87.17,86,100,10.4,RU,1628794084
458,ban dung,17.699,103.2596,78.17,90,100,1.68,TH,1628794086
459,santa fe,-31.6333,-60.7,63.75,42,98,3.0,AR,1628794087
460,stege,54.987,12.2846,70.2,78,100,13.82,DK,1628794088
461,two rivers,44.1539,-87.5693,86.05,48,20,3.0,US,1628794018
462,aykhal,66.0,111.5,60.21,53,100,5.53,RU,1628794091
463,vanavara,60.34,102.2797,60.35,60,100,3.91,RU,1628794092
464,hobyo,5.3505,48.5268,76.44,85,3,23.17,SO,1628794093
465,mumbwa,-14.9783,27.0619,63.39,27,0,3.76,ZM,1628794095
466,tokoroa,-38.2333,175.8667,49.15,69,100,7.0,NZ,1628794096
467,genhe,50.7833,121.5167,51.12,95,53,1.86,CN,1628794098
468,walvis bay,-22.9575,14.5053,58.15,62,3,12.66,NA,1628794099
469,araceli,10.5529,119.9913,81.77,71,100,3.67,PH,1628794100
470,port pirie,-33.1833,138.0167,42.89,87,33,1.72,AU,1628794102
471,sanmenxia,34.7747,111.1814,68.68,91,100,4.47,CN,1628794104
472,svetlogorsk,52.6333,29.7333,58.93,79,0,7.47,BY,1628794106
473,brigantine,39.4101,-74.3646,98.33,66,1,9.22,US,1628794107
474,yangjiang,21.85,111.9667,80.24,90,93,5.3,CN,1628794109
475,komsomolskiy,40.4272,71.7189,88.52,13,10,13.8,UZ,1628794111
476,praya,14.9215,-23.5087,81.14,65,20,19.57,CV,1628794113
477,kendari,-3.945,122.4989,73.45,95,92,2.42,ID,1628794115
478,webster,42.0501,-71.8801,94.75,59,15,9.8,US,1628794116
479,port blair,11.6667,92.75,81.48,79,100,15.7,IN,1628794117
480,sitka,57.0531,-135.33,60.69,88,90,4.61,US,1628794119
481,elko,41.0002,-115.5012,91.74,17,0,5.99,US,1628794121
482,yaan,7.3833,8.5667,73.13,93,100,3.09,NG,1628794123
483,alofi,-19.0595,-169.9187,66.09,94,100,6.91,NU,1628794124
484,iqaluit,63.7506,-68.5145,38.93,100,90,14.97,CA,1628794125
485,patnagarh,20.7167,83.15,82.18,70,100,5.17,IN,1628794126
486,cockburn town,21.4612,-71.1419,85.96,70,75,14.97,TC,1628794128
487,salinas,36.6777,-121.6555,91.56,63,40,8.05,US,1628794080
488,powell,40.1578,-83.0752,92.17,66,1,4.0,US,1628794041
489,dudinka,69.4058,86.1778,44.8,78,19,7.2,RU,1628794132
490,winneba,5.3511,-0.6231,77.47,84,29,9.89,GH,1628794135
491,asosa,10.0667,34.5333,62.15,95,100,2.37,ET,1628794136
492,ambulu,-8.345,113.6058,74.25,90,96,1.54,ID,1628794138
493,palauig,15.435,119.9045,80.65,79,100,2.42,PH,1628794139
494,pinega,64.7001,43.3936,61.34,98,100,3.56,RU,1628794140
495,port macquarie,-31.4333,152.9167,53.56,78,100,4.85,AU,1628794142
496,margate,51.3813,1.3862,69.69,70,6,1.01,GB,1628794143
497,brainerd,46.358,-94.2008,77.23,27,1,17.27,US,1628794145
498,egvekinot,66.3167,-179.1667,40.42,79,61,3.11,RU,1628794146
499,amga,60.8953,131.9608,58.51,88,4,2.3,RU,1628794147
500,lebyazhye,55.2689,66.4947,52.9,69,100,7.31,RU,1628794149
501,oranjemund,-28.55,16.4333,54.41,74,0,26.57,NA,1628794150
502,gatton,-27.55,152.2833,61.65,87,82,0.83,AU,1628794151
503,narsaq,60.9167,-46.05,64.62,60,40,4.7,GL,1628794153
504,torbay,47.6666,-52.7314,65.75,73,75,5.75,CA,1628794154
505,naifaru,5.4444,73.3657,82.63,74,100,18.52,MV,1628794155
506,caxito,-8.5785,13.6643,73.56,79,0,5.73,AO,1628794157
507,linxia,35.6003,103.2064,57.4,70,2,4.52,CN,1628794158
508,varhaug,58.6147,5.6457,63.95,78,100,9.8,NO,1628794159
509,abu dhabi,24.4667,54.3667,93.31,84,0,5.75,AE,1628793934
510,minab,27.1467,57.0801,90.9,68,6,4.09,IR,1628794162
511,karlskoga,59.3267,14.5239,67.32,82,29,4.97,SE,1628794163
512,tecoanapa,16.5167,-98.75,85.33,65,85,9.06,MX,1628794164
513,tukrah,32.5341,20.5791,80.58,81,0,12.35,LY,1628794166
514,hosakote,14.2769,77.1699,74.59,77,100,14.52,IN,1628794167
515,vilyuysk,63.7553,121.6247,59.02,70,7,4.54,RU,1628794168
516,camacupa,-12.0167,17.4833,65.46,16,4,4.05,AO,1628794170
517,hachinohe,40.5,141.5,63.66,93,100,12.5,JP,1628794171
518,dukat,62.55,155.55,54.9,75,86,5.93,RU,1628794173
519,moshi,-3.35,37.3333,66.58,71,45,4.92,TZ,1628794174
520,banjar,-8.19,114.9675,78.66,91,23,4.99,ID,1628794175
521,sokoto,13.0609,5.239,82.26,68,100,8.41,NG,1628794177
522,quesnel,52.9999,-122.5029,72.1,46,1,2.3,CA,1628794057
523,ojinaga,29.5667,-104.4167,90.41,45,90,8.05,MX,1628794024
524,ardakan,32.31,54.0175,95.38,11,0,4.94,IR,1628794180
525,ancud,-41.8697,-73.8203,53.13,66,0,5.5,CL,1628794182
526,nanchang,28.6833,115.8833,78.98,95,100,3.18,CN,1628794183
527,faanui,-16.4833,-151.75,78.69,65,0,13.15,PF,1628794184
528,bay roberts,47.5999,-53.2648,66.51,82,98,1.99,CA,1628794186
529,aquiraz,-3.9014,-38.3911,84.29,75,65,13.47,BR,1628794087
530,high level,58.5169,-117.136,68.11,49,20,6.91,CA,1628794188
531,moerai,-22.4333,-151.3333,72.75,81,64,12.28,PF,1628794189
532,olga,43.7444,135.2892,53.13,94,21,4.68,RU,1628794191
533,ercis,39.0287,43.3586,71.2,43,51,2.21,TR,1628794192
534,hokitika,-42.7167,170.9667,48.42,87,100,8.9,NZ,1628794193
535,yantal,56.8471,105.2542,61.47,59,29,2.68,RU,1628794195
536,eyl,7.9803,49.8164,76.21,82,5,19.1,SO,1628794196
537,maamba,-17.3667,27.15,63.91,45,0,2.8,ZM,1628794197
538,quatre cocos,-20.2078,57.7625,72.09,83,15,13.44,MU,1628794199
539,fairview,40.8126,-73.999,97.45,55,1,3.44,US,1628794063
540,barabinsk,55.3571,78.357,49.93,77,55,8.19,RU,1628794201
541,north bend,43.4065,-124.2243,77.92,72,1,9.22,US,1628794203
542,miraflores,19.2167,-98.8083,69.87,62,73,2.62,MX,1628794204
543,severo-yeniseyskiy,60.3725,93.0408,55.8,96,99,2.89,RU,1628794205
544,lithgow,-33.4833,150.15,32.86,88,0,3.74,AU,1628794207
545,marystown,47.1666,-55.1483,63.21,91,100,10.36,CA,1628794208
546,sines,37.9562,-8.8698,70.29,73,0,8.01,PT,1628793991
547,cingoli,43.3733,13.2025,83.05,53,0,3.85,IT,1628794211
548,abyek,36.0667,50.55,85.6,27,8,4.25,IR,1628794212
549,orotukan,62.2667,151.7,61.7,55,47,7.07,RU,1628794214
550,lhokseumawe,5.1801,97.1507,76.5,87,100,4.23,ID,1628794217
551,rio grande,-32.035,-52.0986,55.51,66,100,10.27,BR,1628794092
552,broken hill,-31.95,141.4333,40.71,70,0,0.0,AU,1628794220
553,reconquista,-29.15,-59.65,61.03,30,100,9.4,AR,1628794221
554,westport,41.1415,-73.3579,97.99,58,1,1.01,US,1628794223
555,whitefish,48.4111,-114.3376,81.37,38,1,11.5,US,1628793994
556,diu,20.7141,70.9822,81.27,80,100,11.88,IN,1628794225
557,udalguri,26.7667,92.1333,79.2,90,100,7.87,IN,1628794227
558,narayanganj,23.6233,90.5011,82.42,90,100,9.91,BD,1628794228
559,kwinana,-32.25,115.7667,52.14,74,94,6.44,AU,1628794229
560,merrill,45.1805,-89.6835,75.38,67,40,13.8,US,1628794025
561,leutkirch,47.825,10.0167,77.38,91,0,3.11,DE,1628794232
562,griffith,41.5284,-87.4237,86.99,78,40,10.36,US,1628794233
563,mecca,21.4267,39.8261,93.0,26,90,5.73,SA,1628794234
564,sheboygan,43.7333,-87.9334,87.26,52,1,3.0,US,1628794021
565,letka,59.6011,49.4232,59.88,68,42,7.49,RU,1628794237
566,kisangani,0.5167,25.2,76.26,70,6,1.92,CD,1628794238
567,yenagoa,4.9247,6.2642,75.56,86,45,6.13,NG,1628794240
568,port moresby,-9.4431,147.1797,74.62,100,40,3.44,PG,1628794241
569,luau,-10.7073,22.2247,71.74,18,0,2.62,AO,1628794242
570,ledyard,41.4398,-72.0142,96.4,61,1,3.0,US,1628794244
571,loding,67.3,14.75,56.53,92,90,1.99,NO,1628794245
572,aswan,24.0934,32.907,99.7,12,0,9.22,EG,1628794247
573,leningradskiy,69.3833,178.4167,43.61,68,100,6.06,RU,1628794248
574,yizheng,24.6706,103.4296,60.76,99,99,4.07,CN,1628794250
575,atasu,48.6814,71.6433,61.29,67,77,14.25,KZ,1628794251
576,tommot,58.9564,126.2925,59.07,89,100,1.99,RU,1628794252
577,sur,22.5667,59.5289,88.84,56,99,12.21,OM,1628794089
578,steinbach,50.1667,8.5667,79.0,60,0,4.61,DE,1628794255
579,nerchinskiy zavod,51.3088,119.61,50.32,90,8,1.86,RU,1628794256
580,palmerston north,-40.35,175.6167,54.05,85,100,1.99,NZ,1628794246
581,bundaberg,-24.85,152.35,62.22,98,90,3.0,AU,1628794259
582,coihaique,-45.5752,-72.0662,58.95,47,0,4.61,CL,1628794089
583,siva,29.2041,25.5195,94.71,22,0,4.0,EG,1628794261
584,villa maria,-32.4075,-63.2402,61.83,36,56,8.93,AR,1628794263
585,emba,48.8264,58.1442,68.4,36,0,10.69,KZ,1628794264
586,yei,4.095,30.6779,68.7,90,83,0.67,SS,1628794265
587,arandis,-22.4167,14.9667,49.3,80,6,1.52,NA,1628794267
588,hue,16.4667,107.6,86.11,66,40,4.61,VN,1628794268
589,roquetas de mar,36.7642,-2.6148,82.62,78,36,1.7,ES,1628794269
590,salalah,17.0151,54.0924,76.19,88,97,5.61,OM,1628794271
591,myitkyina,25.3833,97.4,75.63,99,100,1.23,MM,1628794272
592,maumere,-8.6199,122.2111,78.26,77,6,2.82,ID,1628794273
593,chifeng,42.2683,118.9636,60.91,94,90,4.88,CN,1628794275
594,tambacounda,13.7539,-13.7586,93.25,52,20,6.91,SN,1628794276
595,gorom-gorom,14.4439,-0.2361,83.64,57,100,1.36,BF,1628794278
596,novomyrhorod,48.7811,31.642,64.49,58,0,8.81,UA,1628794279
597,zyryanka,65.75,150.85,65.8,46,100,7.52,RU,1628794280
598,morris,40.8334,-74.5329,94.66,63,51,1.99,US,1628794012
